{
  "../HadCM3-CMIP6/data/Observations/BEST/Complete_TAVG_LatLong1_fix_N48_land.nc": {
    "abs_temp_GLOBAL": 287.2581578524805,
    "abs_temp_NHX": 275.56467865525156,
    "abs_temp_TROPICS": 297.6268814945669,
    "abs_temp_SHX": 287.4610035883042
  },
  "../HadCM3-CMIP6/data/Observations/BEST/Complete_TAVG_LatLong1_fix_N48.nc": {
    "abs_temp_GLOBAL": 284.64924709394774,
    "abs_temp_NHX": 275.9238403589059,
    "abs_temp_TROPICS": 298.0829011707669,
    "abs_temp_SHX": 259.32277088065524
  },
  "../HadCM3-CMIP6/data/Observations/CERES/CERES_EBAF-TOA_Ed4.1_Subset_200003-202105_N48.nc": {
    "toa_sw_all_mon_GLOBAL": 98.91081671455126,
    "toa_sw_all_mon_NHX": 100.66017066742536,
    "toa_sw_all_mon_TROPICS": 94.04065206366982,
    "toa_sw_all_mon_SHX": 107.6653554484148,
    "toa_lw_all_mon_GLOBAL": 240.1335653536859,
    "toa_lw_all_mon_NHX": 222.46681643159366,
    "toa_lw_all_mon_TROPICS": 259.7134357395347,
    "toa_lw_all_mon_SHX": 215.56155912862272,
    "toa_net_all_mon_GLOBAL": 1.3800831801694664,
    "toa_net_all_mon_NHX": -45.45891359553089,
    "toa_net_all_mon_TROPICS": 44.31125730315602,
    "toa_net_all_mon_SHX": -44.387880689289254,
    "toa_sw_clr_c_mon_GLOBAL": 53.1373869712813,
    "toa_sw_clr_c_mon_NHX": 57.50217784553041,
    "toa_sw_clr_c_mon_TROPICS": 50.77293390081019,
    "toa_sw_clr_c_mon_SHX": 53.87202842049413,
    "toa_lw_clr_c_mon_GLOBAL": 268.13165731948425,
    "toa_lw_clr_c_mon_NHX": 247.01163145217257,
    "toa_lw_clr_c_mon_TROPICS": 289.9478951646475,
    "toa_lw_clr_c_mon_SHX": 242.18778749221434,
    "toa_net_clr_c_mon_GLOBAL": 19.15600517658232,
    "toa_net_clr_c_mon_NHX": -26.845110795416318,
    "toa_net_clr_c_mon_TROPICS": 57.344798938052016,
    "toa_net_clr_c_mon_SHX": -17.220232069943943,
    "solar_mon_GLOBAL": 340.4244315093188,
    "solar_mon_NHX": 277.6684819672698,
    "solar_mon_TROPICS": 398.0648705692072,
    "solar_mon_SHX": 278.8393094804186
  },
  "../HadCM3-CMIP6/data/Observations/CRU_TS/cru_ts4.05.2011.2020.pre.dat_N48_land.nc": {
    "pre_GLOBAL": 2.4814677099187594e-05,
    "pre_NHX": 1.673376034642447e-05,
    "pre_TROPICS": 3.237055529565974e-05,
    "pre_SHX": 1.8703650970811337e-05,
    "stn_GLOBAL": 4.756531612010057,
    "stn_NHX": 5.997811764599257,
    "stn_TROPICS": 3.537612468912099,
    "stn_SHX": 6.628765568987454
  },
  "../HadCM3-CMIP6/data/Observations/CRU_TS/cru_ts4.05.2011.2020.pre.dat_N48.nc": {
    "pre_GLOBAL": 3.337314493009414e-05,
    "pre_NHX": 1.9112233780386613e-05,
    "pre_TROPICS": 4.3873583144090346e-05,
    "pre_SHX": 2.778790430108226e-05,
    "stn_GLOBAL": 4.0404975612440985,
    "stn_NHX": 5.517276257573725,
    "stn_TROPICS": 2.9762975698751366,
    "stn_SHX": 4.373117422998606
  },
  "../HadCM3-CMIP6/data/Observations/CRU_TS/cru_ts4.05.2011.2020.tmn.dat_N48_land.nc": {
    "tmn_GLOBAL": 281.13264403650066,
    "tmn_NHX": 269.9752731190222,
    "tmn_TROPICS": 291.03688757677486,
    "tmn_SHX": 281.1490767812524,
    "stn_GLOBAL": 5.114396977470032,
    "stn_NHX": 7.107524535635379,
    "stn_TROPICS": 3.21744549515099,
    "stn_SHX": 7.155040066728999
  },
  "../HadCM3-CMIP6/data/Observations/CRU_TS/cru_ts4.05.2011.2020.tmn.dat_N48.nc": {
    "tmn_GLOBAL": 283.500603405891,
    "tmn_NHX": 270.8920736900458,
    "tmn_TROPICS": 292.5713884857925,
    "tmn_SHX": 280.81945675254275,
    "stn_GLOBAL": 4.454672250441625,
    "stn_NHX": 6.676084175108394,
    "stn_TROPICS": 2.7929716846790136,
    "stn_SHX": 5.600918326701426
  },
  "../HadCM3-CMIP6/data/Observations/CRU_TS/cru_ts4.05.2011.2020.tmp.dat_N48_land.nc": {
    "tmp_GLOBAL": 287.040168549358,
    "tmp_NHX": 275.4849378770241,
    "tmp_TROPICS": 297.27503700603995,
    "tmp_SHX": 287.41390280465504,
    "stn_GLOBAL": 7.6293544884291515,
    "stn_NHX": 7.744026660590025,
    "stn_TROPICS": 7.510501587923041,
    "stn_SHX": 7.902145964176591
  },
  "../HadCM3-CMIP6/data/Observations/CRU_TS/cru_ts4.05.2011.2020.tmp.dat_N48.nc": {
    "tmp_GLOBAL": 288.6478120949359,
    "tmp_NHX": 275.91266882376596,
    "tmp_TROPICS": 297.8303433389534,
    "tmp_SHX": 285.7211082831028,
    "stn_GLOBAL": 6.997498014961043,
    "stn_NHX": 7.523641302467179,
    "stn_TROPICS": 6.63412748600321,
    "stn_SHX": 6.948600892691294
  },
  "../HadCM3-CMIP6/data/Observations/ERA5/ERA5_500hPa_RH_T_mon_2010_2019_N48.nc": {
    "r_GLOBAL": 43.44181017308966,
    "r_NHX": 53.237146674407384,
    "r_TROPICS": 34.68748641391432,
    "r_SHX": 52.52980845386668,
    "t_GLOBAL": 258.63677245375135,
    "t_NHX": 251.36906402046932,
    "t_TROPICS": 266.5019452387262,
    "t_SHX": 248.93506378463172
  },
  "../HadCM3-CMIP6/data/Observations/ERA5/ERA5_sfc_mon_2010_2020_N48_land.nc": {
    "t2m_GLOBAL": 287.0844791226974,
    "t2m_NHX": 275.72763923425674,
    "t2m_TROPICS": 297.1516597736804,
    "t2m_SHX": 287.3277681253026,
    "msl_GLOBAL": 101381.67492099952,
    "msl_NHX_DGM": 163.47863442006928,
    "msl_TROPICS_DGM": -152.6201180570206,
    "msdwswrf_GLOBAL": 195.4448681113085,
    "msdwswrf_NHX": 154.31398240289144,
    "msdwswrf_TROPICS": 231.36007493894482,
    "msdwswrf_SHX": 205.0912585921446,
    "mtpr_GLOBAL": 2.7452032013571648e-05,
    "mtpr_NHX": 1.9695725423802097e-05,
    "mtpr_TROPICS": 3.464429437956243e-05,
    "mtpr_SHX": 2.25489648873494e-05,
    "tp_GLOBAL": 2.745223583649484e-05,
    "tp_NHX": 1.9695770195985758e-05,
    "tp_TROPICS": 3.464475046509061e-05,
    "tp_SHX": 2.2548673669333396e-05,
    "p84.162_GLOBAL": -8.778634528767624e-06,
    "p84.162_NHX": -6.460669696437045e-06,
    "p84.162_TROPICS": -1.1289305155577046e-05,
    "p84.162_SHX": -1.5249948291111189e-06,
    "p71.162_GLOBAL": 7.950459942108965,
    "p71.162_NHX": 42.710581090042254,
    "p71.162_TROPICS": -27.244421946185895,
    "p71.162_SHX": 77.3827737781106,
    "vimd_GLOBAL": -0.7576425249670204,
    "vimd_NHX": -0.6454109193866864,
    "vimd_TROPICS": -0.8837956871715869,
    "vimd_SHX": -0.33286087007383935
  },
  "../HadCM3-CMIP6/data/Observations/ERA5/ERA5_sfc_mon_2010_2020_N48.nc": {
    "t2m_GLOBAL": 287.63052976065,
    "t2m_NHX": 278.05824499752975,
    "t2m_TROPICS": 297.59876643154405,
    "t2m_SHX": 275.6953482971541,
    "msl_GLOBAL": 101143.1643248213,
    "msl_NHX_DGM": 363.79518720597844,
    "msl_TROPICS_DGM": 179.67692817068018,
    "msdwswrf_GLOBAL": 187.91284453731242,
    "msdwswrf_NHX": 143.84968409801746,
    "msdwswrf_TROPICS": 229.35247566018663,
    "msdwswrf_SHX": 142.58400978107915,
    "mtpr_GLOBAL": 3.413493061057284e-05,
    "mtpr_NHX": 2.6383175593902165e-05,
    "mtpr_TROPICS": 4.014193955794665e-05,
    "mtpr_SHX": 2.89284051698917e-05,
    "tp_GLOBAL": 3.413494190043301e-05,
    "tp_NHX": 2.6383194366982542e-05,
    "tp_TROPICS": 4.014202658754191e-05,
    "tp_SHX": 2.8928311303587598e-05,
    "p84.162_GLOBAL": -4.629582464391099e-09,
    "p84.162_NHX": -6.27305531387509e-06,
    "p84.162_TROPICS": 5.901457817022252e-06,
    "p84.162_SHX": -6.4762329053690685e-06,
    "p71.162_GLOBAL": -1.7718605797307547,
    "p71.162_NHX": 60.98659043854877,
    "p71.162_TROPICS": -81.08880838772936,
    "p71.162_SHX": 106.56466785085392,
    "vimd_GLOBAL": -0.06273798172628854,
    "vimd_NHX": -0.61540816581538,
    "vimd_TROPICS": 0.469788431003788,
    "vimd_SHX": -0.6587804409175144
  },
  "../HadCM3-CMIP6/data/Observations/GPCC/full_data_monthly_v2020_2011_2019_025_N48_land.nc": {
    "precip_GLOBAL": 2.5021364270827782e-05,
    "precip_NHX": 1.6593344174521286e-05,
    "precip_TROPICS": 3.2827684799437014e-05,
    "precip_SHX": 1.9835586067718955e-05,
    "numgauge_GLOBAL": 0.08383983184996813,
    "numgauge_NHX": 0.11369015565413747,
    "numgauge_TROPICS": 0.04056170136742734,
    "numgauge_SHX": 0.3526275740048271,
    "infilled_numgauges_GLOBAL": 0.0026184705789469094,
    "infilled_numgauges_NHX": 0.0004044062287681445,
    "infilled_numgauges_TROPICS": 0.0047476250672868255,
    "infilled_numgauges_SHX": 0.0,
    "interpolation_error_GLOBAL": 5.5871355055759136e-06,