{
  "BEST/Complete_TAVG_LatLong1_fix_N48.nc": {
    "abs_temp_GLOBAL": 284.56554305684205,
    "abs_temp_NHX": 275.9012588306216,
    "abs_temp_TROPICS": 297.8086921403007,
    "abs_temp_SHX": 259.78223252971424
  },
  "CERES/CERES_EBAF-TOA_Ed4.1_Subset_200003-202105_N48.nc": {
    "toa_sw_all_mon_GLOBAL": 99.23412477883694,
    "toa_sw_all_mon_NHX": 100.92789653071071,
    "toa_sw_all_mon_TROPICS": 94.351948436291,
    "toa_sw_all_mon_SHX": 108.07003375702631,
    "toa_lw_all_mon_GLOBAL": 240.14015690599544,
    "toa_lw_all_mon_NHX": 222.51033996997268,
    "toa_lw_all_mon_TROPICS": 259.6648869384575,
    "toa_lw_all_mon_SHX": 215.6494141348897,
    "toa_net_all_mon_GLOBAL": 1.0002960308996771,
    "toa_net_all_mon_NHX": -45.66928720686361,
    "toa_net_all_mon_TROPICS": 44.00709723926461,
    "toa_net_all_mon_SHX": -45.10016963097957,
    "toa_sw_clr_c_mon_GLOBAL": 53.309136685553405,
    "toa_sw_clr_c_mon_NHX": 57.88614364284025,
    "toa_sw_clr_c_mon_TROPICS": 50.906283403768875,
    "toa_sw_clr_c_mon_SHX": 53.91469115012265,
    "toa_lw_clr_c_mon_GLOBAL": 267.9019189920063,
    "toa_lw_clr_c_mon_NHX": 246.64962427406752,
    "toa_lw_clr_c_mon_TROPICS": 289.58392516800046,
    "toa_lw_clr_c_mon_SHX": 242.3799149538244,
    "toa_net_clr_c_mon_GLOBAL": 19.163690585632875,
    "toa_net_clr_c_mon_NHX": -26.766643918699405,
    "toa_net_clr_c_mon_TROPICS": 57.53399781367843,
    "toa_net_clr_c_mon_SHX": -17.67489107784109,
    "solar_mon_GLOBAL": 340.37469180712105,
    "solar_mon_NHX": 277.76879673505795,
    "solar_mon_TROPICS": 398.02406037401596,
    "solar_mon_SHX": 278.6195440110114
  },
  "CRU_TS/cru_ts4.05.2011.2020.pre.dat_N48_land.nc": {
    "pre_GLOBAL": 2.5627291202401016e-05,
    "pre_NHX": 1.6315506854158856e-05,
    "pre_TROPICS": 3.427597393351925e-05,
    "pre_SHX": 1.9516884613338176e-05,
    "stn_GLOBAL": 4.762631129942353,
    "stn_NHX": 6.061784922364675,
    "stn_TROPICS": 3.4847969604641684,
    "stn_SHX": 6.755554397347566
  },
  "CRU_TS/cru_ts4.05.2011.2020.pre.dat_N48.nc": {
    "pre_GLOBAL": 3.47655246708873e-05,
    "pre_NHX": 1.877468307135055e-05,
    "pre_TROPICS": 4.6396759502710575e-05,
    "pre_SHX": 3.0019487896226487e-05,
    "stn_GLOBAL": 4.0653109162172045,
    "stn_NHX": 5.5700287788883855,
    "stn_TROPICS": 2.9683872747118105,
    "stn_SHX": 4.537750114621328
  },
  "CRU_TS/cru_ts4.05.2011.2020.tmn.dat_N48_land.nc": {
    "tmn_GLOBAL": 281.0349879963138,
    "tmn_NHX": 270.00636688306577,
    "tmn_TROPICS": 290.82024909082236,
    "tmn_SHX": 281.12173020686504,
    "stn_GLOBAL": 5.137438572679006,
    "stn_NHX": 7.177042766391946,
    "stn_TROPICS": 3.194598100783995,
    "stn_SHX": 7.252187625713663
  },
  "CRU_TS/cru_ts4.05.2011.2020.tmn.dat_N48.nc": {
    "tmn_GLOBAL": 283.4076788986725,
    "tmn_NHX": 270.9346878937654,
    "tmn_TROPICS": 292.373866514049,
    "tmn_SHX": 280.8330079428492,
    "stn_GLOBAL": 4.472985019739598,
    "stn_NHX": 6.744723110839578,
    "stn_TROPICS": 2.7678342488992325,
    "stn_SHX": 5.706758724269226
  },
  "CRU_TS/cru_ts4.05.2011.2020.tmp.dat_N48_land.nc": {
    "tmp_GLOBAL": 286.90855066843534,
    "tmp_NHX": 275.49497960120345,
    "tmp_TROPICS": 297.0154358650638,
    "tmp_SHX": 287.32057998332033,
    "stn_GLOBAL": 7.628536125657011,
    "stn_NHX": 7.796032026986071,
    "stn_TROPICS": 7.461422086982327,
    "stn_SHX": 7.923151622816814
  },
  "CRU_TS/cru_ts4.05.2011.2020.tmp.dat_N48.nc": {
    "tmp_GLOBAL": 288.53305323380863,
    "tmp_NHX": 275.94396318184386,
    "tmp_TROPICS": 297.60959174110627,
    "tmp_SHX": 285.6428302308622,
    "stn_GLOBAL": 6.992184658539445,
    "stn_NHX": 7.587055317446657,
    "stn_TROPICS": 6.568769646740638,
    "stn_SHX": 7.070319154295406
  },
  "ERA5/ERA5_500hPa_RH_T_mon_2010_2019_N48.nc": {
    "r_GLOBAL": 43.16317502869487,
    "r_NHX": 53.32394276739595,
    "r_TROPICS": 34.47572649064447,
    "r_SHX": 51.74152975462717,
    "t_GLOBAL": 258.5183707483293,
    "t_NHX": 251.08024567804642,
    "t_TROPICS": 266.3688740700594,
    "t_SHX": 249.01854867855468
  },
  "ERA5/ERA5_sfc_mon_2010_2020_N48_land.nc": {
    "t2m_GLOBAL": 286.85165963580897,
    "t2m_NHX": 275.656319271975,
    "t2m_TROPICS": 296.767909195761,
    "t2m_SHX": 287.2228810070868,
    "msl_GLOBAL": 101351.64365489114,
    "msl_NHXDGM": 155.29378663739772,
    "msl_TROPICSDGM": -147.05678598878148,
    "msdwswrf_GLOBAL": 194.6002855462795,
    "msdwswrf_NHX": 154.71322989130218,
    "msdwswrf_TROPICS": 229.4909712940624,
    "msdwswrf_SHX": 202.96780412093412,
    "mtpr_GLOBAL": 2.832644093608834e-05,
    "mtpr_NHX": 1.9329898980389666e-05,
    "mtpr_TROPICS": 3.665694960420316e-05,
    "mtpr_SHX": 2.2828337243913773e-05,
    "tp_GLOBAL": 2.8326597557913534e-05,
    "tp_NHX": 1.9330007376202743e-05,
    "tp_TROPICS": 3.665725087170802e-05,
    "tp_SHX": 2.282812144926882e-05,
    "p84.162_GLOBAL": -9.224987957396778e-06,
    "p84.162_NHX": -6.021828658086613e-06,
    "p84.162_TROPICS": -1.2574083443533149e-05,
    "p84.162_SHX": -1.129982338691469e-06,
    "p71.162_GLOBAL": 6.889444320865829,
    "p71.162_NHX": 42.9420299837137,
    "p71.162_TROPICS": -28.807285048243592,
    "p71.162_SHX": 65.97692797550935,
    "vimd_GLOBAL": -0.7950849706874961,
    "vimd_NHX": -0.6078944840628707,
    "vimd_TROPICS": -0.9940632659317926,
    "vimd_SHX": -0.2697938043192012
  },
  "ERA5/ERA5_sfc_mon_2010_2020_N48.nc": {
    "t2m_GLOBAL": 287.5236064480428,
    "t2m_NHX": 278.0139734290927,
    "t2m_TROPICS": 297.3605487805443,
    "t2m_SHX": 275.80940429229435,
    "msl_GLOBAL": 101145.58880383169,
    "msl_NHXDGM": 291.3739923612593,
    "msl_TROPICSDGM": 167.2442415782134,
    "msdwswrf_GLOBAL": 187.72284493611437,
    "msdwswrf_NHX": 144.26742935794985,
    "msdwswrf_TROPICS": 228.9116306446911,
    "msdwswrf_SHX": 142.32677355110076,
    "mtpr_GLOBAL": 3.4233028205592995e-05,
    "mtpr_NHX": 2.5953182881161414e-05,
    "mtpr_TROPICS": 4.037074036389161e-05,
    "mtpr_SHX": 2.9272664533513605e-05,
    "tp_GLOBAL": 3.4233037237481134e-05,
    "tp_NHX": 2.5953229813862355e-05,
    "tp_TROPICS": 4.0370801284608294e-05,
    "tp_SHX": 2.9272594133785525e-05,
    "p84.162_GLOBAL": -4.193248663001762e-09,
    "p84.162_NHX": -6.085941675133076e-06,
    "p84.162_TROPICS": 5.722251913807536e-06,
    "p84.162_SHX": -6.274969469421392e-06,
    "p71.162_GLOBAL": -5.4318747516274115,
    "p71.162_NHX": 65.17726151639872,
    "p71.162_TROPICS": -86.86309510441778,
    "p71.162_SHX": 99.61466362161373,
    "vimd_GLOBAL": -0.06171260663974889,
    "vimd_NHX": -0.6058454073776464,
    "vimd_TROPICS": 0.4580027846262225,
    "vimd_SHX": -0.638658523456904
  },
  "GPCC/full_data_monthly_v2020_2011_2019_025_N48_land.nc": {
    "precip_GLOBAL": 2.5734156633783443e-05,
    "precip_NHX": 1.6076819273763017e-05,
    "precip_TROPICS": 3.4625475621186066e-05,
    "precip_SHX": 2.0650975561601697e-05,
    "numgauge_GLOBAL": 0.08159193527205215,
    "numgauge_NHX": 0.10138061159943923,
    "numgauge_TROPICS": 0.045970715457418786,
    "numgauge_SHX": 0.37083113990102573,
    "infilled_numgauges_GLOBAL": 0.002123315201330304,
    "infilled_numgauges_NHX": 0.0004259949044439579,
    "infilled_numgauges_TROPICS": 0.0037627805227332806,
    "infilled_numgauges_SHX": 0.0,
    "interpolation_error_GLOBAL": 5.704962855593341e-06,
    "interpolation_error_NHX": 3.5213396088852665e-06,
    "interpolation_error_TROPICS": 7.714554904758593e-06,
    "interpolation_error_SHX": 4.569235812270977e-06,
    "interpolation_error_infilled_GLOBAL": 5.302740308092199e-06,
    "interpolation_error_infilled_NHX": 3.392774221622116e-06,
    "interpolation_error_infilled_TROPICS": 7.045370735999524e-06,
    "interpolation_error_infilled_SHX": 4.551295001655361e-06,
    "diff_new_old_method_GLOBAL": -7.334210027669365e-08,
    "diff_new_old_method_NHX": -6.571548635203622e-08,
    "diff_new_old_method_TROPICS": -8.675306882703935e-08,
    "diff_new_old_method_SHX": 3.304601633451901e-08
  },