{
  "RSR_NHX": 100.66017066742536,
  "RSR_TROPICS": 94.04065206366982,
  "RSR_SHX": 107.6653554484148,
  "OLR_NHX": 222.46681643159366,
  "OLR_TROPICS": 259.7134357395347,
  "OLR_SHX": 215.56155912862272,
  "netflux_GLOBAL": 1.3800831801694664,
  "SWC_NHX": 57.50217784553041,
  "SWC_TROPICS": 50.77293390081019,
  "SWC_SHX": 53.87202842049413,
  "LWC_NHX": 247.01163145217257,
  "LWC_TROPICS": 289.9478951646475,
  "LWC_SHX": 242.18778749221434,
  "Lprecip_NHX": 1.673376034642447e-05,
  "Lprecip_TROPICS": 3.237055529565974e-05,
  "Lprecip_SHX": 1.8703650970811337e-05,
  "LAT_NHX": 275.4849378770241,
  "LAT_TROPICS": 297.27503700603995,
  "LAT_SHX": 287.41390280465504,
  "RH@500_NHX": 53.237146674407384,
  "RH@500_TROPICS": 34.68748641391432,
  "RH@500_SHX": 52.52980845386668,
  "TEMP@500_NHX": 251.36906402046932,
  "TEMP@500_TROPICS": 266.5019452387262,
  "TEMP@500_SHX": 248.93506378463172,
  "MSLP_NHXDGM": 363.79518720597844,
  "MSLP_TROPICSDGM": 179.67692817068018,
  "Reff_NHX": 12.584089542277257,
  "Reff_TROPICS": 15.391838505497885,
  "Reff_SHX": 13.458756518254502
}