{
  "RSR_NHX": 100.92789653071071,
  "RSR_TROPICS": 94.351948436291,
  "RSR_SHX": 108.07003375702631,
  "OLR_NHX": 222.51033996997268,
  "OLR_TROPICS": 259.6648869384575,
  "OLR_SHX": 215.6494141348897,
  "netflux_GLOBAL": 1.0002960308996771,
  "RSRC_NHX": 57.88614364284025,
  "RSRC_TROPICS": 50.906283403768875,
  "RSRC_SHX": 53.91469115012265,
  "OLRC_NHX": 246.64962427406752,
  "OLRC_TROPICS": 289.58392516800046,
  "OLRC_SHX": 242.3799149538244,
  "Lprecip_NHX": 1.6315506854158856e-05,
  "Lprecip_TROPICS": 3.427597393351925e-05,
  "Lprecip_SHX": 1.9516884613338176e-05,
  "LAT_NHX": 275.49497960120345,
  "LAT_TROPICS": 297.0154358650638,
  "LAT_SHX": 287.32057998332033,
  "RH@500_NHX": 53.32394276739595,
  "RH@500_TROPICS": 34.47572649064447,
  "RH@500_SHX": 51.74152975462717,
  "TEMP@500_NHX": 251.08024567804642,
  "TEMP@500_TROPICS": 266.3688740700594,
  "TEMP@500_SHX": 249.01854867855468,
  "MSLP_NHX_DGM": 291.3739923612593,
  "MSLP_TROPICS_DGM": 167.2442415782134,
  "Reff_NHX": 12.506567555540895,
  "Reff_TROPICS": 15.51338513559003,
  "Reff_SHX": 13.526771334569421
}