{
  "rsr_nhx": 100.66017066742536,
  "rsr_tropics": 94.04065206366982,
  "rsr_shx": 107.6653554484148,
  "olr_nhx": 222.46681643159366,
  "olr_tropics": 259.7134357395347,
  "olr_shx": 215.56155912862272,
  "netflux_global": 1.3800831801694664,
  "swc_nhx": 57.50217784553041,
  "swc_tropics": 50.77293390081019,
  "swc_shx": 53.87202842049413,
  "lwc_nhx": 247.01163145217257,
  "lwc_tropics": 289.9478951646475,
  "lwc_shx": 242.18778749221434,
  "lprecip_nhx": 1.673376034642447e-05,
  "lprecip_tropics": 3.237055529565974e-05,
  "lprecip_shx": 1.8703650970811337e-05,
  "lat_nhx": 275.4849378770241,
  "lat_tropics": 297.27503700603995,
  "lat_shx": 287.41390280465504,
  "rh@500_nhx": 53.237146674407384,
  "rh@500_tropics": 34.68748641391432,
  "rh@500_shx": 52.52980845386668,
  "temp@500_nhx": 251.36906402046932,
  "temp@500_tropics": 266.5019452387262,
  "temp@500_shx": 248.93506378463172,
  "mslp_nhx_dgm": 363.79518720597844,
  "mslp_tropics_dgm": 179.67692817068018,
  "reff_nhx": 12.584089542277257,
  "reff_tropics": 15.391838505497885,
  "reff_shx": 13.458756518254502
}